nta_code,tree_count,total_dbh,mean_dbh,pct_good_health
BK0101,3292,30327,9.212332928311056,0.8107533414337789
BK0102,3271,27511,8.410577804952615,0.8712931825129929
BK0103,2069,22688,10.965683905268245,0.8806186563557274
BK0104,2910,26051,8.952233676975945,0.8109965635738832
BK0201,1697,20311,11.968768414849734,0.7743076016499706
BK0202,2297,22380,9.743143230300392,0.6926425772747061
BK0203,2025,24406,12.052345679012346,0.8004938271604938
BK0204,2096,25169,12.008110687022901,0.870706106870229
BK0301,4035,40321,9.99281288723668,0.7990086741016109
BK0302,5054,56265,11.132766125840918,0.8401266323703996
BK0401,3257,23089,7.089038992938287,0.7037150752225975
BK0402,3544,37420,10.558690744920993,0.809255079006772
BK0501,2917,30863,10.580390812478575,0.8645869043537882
BK0502,3859,30288,7.848665457372376,0.7924332728686189
BK0503,5043,46601,9.240729724370414,0.7523299623240135
BK0504,1270,12353,9.726771653543308,0.8377952755905512
BK0505,2995,22559,7.532220367278798,0.7953255425709516
BK0601,5346,53622,10.030303030303031,0.778526000748223
BK0602,4589,57389,12.505774678579211,0.8034430159076051
BK0701,2246,28518,12.697239536954585,0.8410507569011576
BK0702,3210,26889,8.376635514018691,0.8252336448598131
BK0703,2139,24325,11.372136512388966,0.8705002337540907
BK0801,1488,16047,10.784274193548388,0.7768817204301075
BK0802,3957,44640,11.281273692191053,0.790245135203437
BK0901,2600,32387,12.456538461538461,0.8
BK0902,2217,29600,13.351375732972485,0.8958051420838972
BK1001,6766,99203,14.661986402601242,0.8657995861661247
BK1002,3042,43503,14.300788954635108,0.8431952662721893
BK1101,4564,64828,14.204206836108677,0.8639351446099912
BK1102,1671,22149,13.254937163375224,0.879114302812687
BK1103,2771,38126,13.758931793576327,0.8459040057740888
BK1201,1303,15359,11.787413660782809,0.8564850345356869
BK1202,4461,57397,12.86639766868415,0.867518493611298
BK1203,2364,30070,12.719966159052454,0.7939932318104906
BK1204,3910,52041,13.309718670076727,0.7961636828644502
BK1301,1384,21154,15.284682080924856,0.7601156069364162
BK1302,1816,13997,7.707599118942731,0.664647577092511
BK1303,757,7689,10.157199471598414,0.6737120211360634
BK1401,2228,27320,12.262118491921006,0.8043087971274686
BK1402,3595,53816,14.969680111265646,0.8255910987482614
BK1403,4075,57263,14.052269938650307,0.7911656441717791
BK1501,4365,60648,13.894158075601375,0.7780068728522337
BK1502,3362,50113,14.905710886377156,0.819155264723379
BK1503,4891,70220,14.356982212226539,0.6959721938253935
BK1601,2262,20458,9.04420866489832,0.8740053050397878
BK1602,2804,33371,11.901212553495007,0.8691155492154066
BK1701,1724,17410,10.09860788863109,0.8509280742459396
BK1702,1857,28995,15.61389337641357,0.8831448572967151
BK1703,2688,37621,13.995907738095237,0.9006696428571429
BK1704,1778,26577,14.947694038245219,0.8582677165354331
BK1801,5308,85413,16.0913715146948,0.8394875659382065
BK1802,6904,105625,15.299101969872538,0.8613847045191193
BK1803,5466,82943,15.174350530552507,0.7628979143798024
BX0101,2377,18354,7.721497686159024,0.7496844762305427
BX0102,1997,15903,7.963445167751628,0.784677015523285
BX0201,2641,16555,6.268458917076865,0.8076486179477471
BX0202,2128,18547,8.715695488721805,0.856203007518797
BX0301,1653,13962,8.446460980036298,0.8197217180883243
BX0302,862,7298,8.466357308584687,0.8294663573085846
BX0303,1711,13244,7.740502630040912,0.8673290473407365
BX0401,2961,23107,7.803782505910165,0.7703478554542385
BX0402,1318,10976,8.327769347496206,0.7655538694992413
BX0403,1678,13358,7.960667461263409,0.7425506555423123
BX0501,1945,14991,7.707455012853471,0.7434447300771209
BX0502,1633,11765,7.204531537048378,0.7936313533374157
BX0503,1103,6712,6.085222121486854,0.7688123300090662
BX0601,956,7741,8.097280334728033,0.8378661087866108
BX0602,1799,13155,7.312395775430795,0.631461923290717
BX0603,1784,14519,8.138452914798206,0.7763452914798207
BX0701,1477,12558,8.502369668246445,0.7853757616790792
BX0702,2092,23787,11.370458891013385,0.8293499043977055
BX0703,1709,16139,9.443534230544177,0.8191925102399064
BX0801,1341,16125,12.024608501118568,0.8366890380313199
BX0802,1256,12609,10.039012738853502,0.7627388535031847
BX0803,2692,32646,12.12704309063893,0.825780089153046
BX0901,3185,32345,10.15541601255887,0.8562009419152277
BX0902,2265,24260,10.710816777041943,0.8538631346578367
BX0903,3067,26946,8.785784153896316,0.86957939354418
BX0904,773,8326,10.771021992238033,0.8706338939197931
BX1001,1697,12702,7.484973482616382,0.859752504419564
BX1002,4679,58030,12.402222697157512,0.8929258388544561
BX1003,3047,37426,12.282901214309156,0.8700361010830325
BX1004,1430,15308,10.704895104895105,0.8643356643356643
BX1101,1568,15120,9.642857142857142,0.8335459183673469
BX1102,2980,36670,12.305369127516778,0.9016778523489933
BX1103,3420,47933,14.015497076023392,0.8233918128654971
BX1104,1461,18846,12.899383983572895,0.8186173853524983
BX1201,2768,28311,10.227962427745664,0.8641618497109826
BX1202,3657,42915,11.735028712059064,0.8504238446814328
BX1203,3602,47993,13.32398667406996,0.8603553581343698
MN0101,1344,9680,7.2023809523809526,0.8087797619047619
MN0102,924,6365,6.888528138528138,0.7034632034632035
MN0201,1181,8723,7.386113463166808,0.7298899237933955
MN0202,1172,11202,9.558020477815699,0.659556313993174
MN0203,2503,23220,9.276867758689573,0.762285257690771
MN0301,914,7051,7.714442013129103,0.7549234135667396
MN0302,1372,12279,8.949708454810496,0.7682215743440233
MN0303,2423,20458,8.443252166735451,0.7651671481634338
MN0401,2432,18968,7.7993421052631575,0.9078947368421053
MN0402,1887,15332,8.125066242713302,0.7217806041335453
MN0501,702,4555,6.488603988603988,0.8034188034188035
MN0502,1033,6438,6.232333010648596,0.601161665053243
MN0601,428,4466,10.434579439252337,0.9205607476635514
MN0602,1087,9714,8.936522539098435,0.8022079116835327
MN0603,1843,15676,8.505697232772654,0.6814975583288118
MN0604,1772,14343,8.094243792325056,0.7528216704288939
MN0701,2022,16475,8.147873392680514,0.7710187932739861
MN0702,4297,43923,10.2217826390505,0.8315103560623691
MN0703,2113,20430,9.66871746332229,0.8135352579271179
MN0801,2215,19728,8.906546275395034,0.6455981941309256
MN0802,4080,38203,9.363480392156863,0.7556372549019608
MN0803,2133,20737,9.721987810595406,0.7144866385372715
MN0901,1698,18445,10.862779740871614,0.7550058892815077
MN0902,862,6454,7.487238979118329,0.7784222737819025
MN0903,2299,21748,9.459765115267508,0.7877337973031753
MN1001,2485,20852,8.391146881287726,0.7352112676056338
MN1002,3043,25863,8.49917844232665,0.8205718041406507
MN1101,1750,14160,8.09142857142857,0.6977142857142857
MN1102,2715,22542,8.302762430939227,0.7620626151012891
MN1201,2497,19153,7.670404485382459,0.7104525430516619
MN1202,2608,21004,8.053680981595091,0.6886503067484663
MN1203,1350,9332,6.912592592592593,0.6659259259259259
QN0101,4913,59030,12.0150620801954,0.8216975371463464
QN0102,795,7835,9.855345911949685,0.7874213836477988
QN0103,2235,22931,10.259955257270693,0.8371364653243848
QN0104,2491,25248,10.135688478522681,0.8362103572862304
QN0105,1644,18249,11.10036496350365,0.8211678832116789
QN0201,1493,10719,7.179504353650368,0.7702612190221031
QN0202,3312,38410,11.597222222222221,0.7448671497584541
QN0203,3249,37951,11.68082486919052,0.8239458294859957
QN0301,5658,72839,12.873630258041711,0.791445740544362
QN0302,2925,36188,12.371965811965811,0.8372649572649573
QN0303,1709,17602,10.29959040374488,0.8250438853130486
QN0401,4000,48635,12.15875,0.78775
QN0402,2258,26519,11.744464127546502,0.7843224092116917
QN0501,4016,51775,12.892181274900398,0.7970617529880478
QN0502,5900,61680,10.454237288135593,0.6874576271186441
QN0503,4099,57734,14.084898755794097,0.7755550134179068
QN0504,4224,59201,14.015388257575758,0.8404356060606061
QN0601,2283,29406,12.88042049934297,0.8155935173017959
QN0602,7328,96309,13.142603711790393,0.8137281659388647
QN0701,4707,51410,10.922031017633312,0.763756107924368
QN0702,5843,75827,12.977408865308917,0.9055279822009242
QN0703,2788,38731,13.892037302725969,0.8023672883787661
QN0704,7236,106885,14.771282476506357,0.8920674405749033
QN0705,3175,44038,13.87023622047244,0.8674015748031496
QN0706,2701,35807,13.25694187338023,0.8178452425027768
QN0707,2329,28050,12.043795620437956,0.7445255474452555
QN0801,4165,58031,13.933013205282112,0.8612244897959184
QN0802,4640,65796,14.180172413793104,0.8301724137931035
QN0803,3438,52629,15.308027923211169,0.8295520651541594
QN0804,3591,54110,15.0682261208577,0.8476747424115845
QN0805,2945,40704,13.821392190152801,0.865195246179966
QN0901,1931,31254,16.18539616778871,0.7322630761263594
QN0902,2995,38306,12.789983305509182,0.8567612687813022
QN0903,1401,20463,14.605995717344754,0.7330478229835832
QN0904,1615,25410,15.73374613003096,0.8291021671826625
QN0905,2664,42384,15.90990990990991,0.8569819819819819
QN1001,6886,107998,15.68370607028754,0.8248620389195469
QN1002,3093,43521,14.070805043646944,0.8755253798900744
QN1003,4368,53700,12.293956043956044,0.7973901098901099
QN1101,7718,115346,14.945063487950247,0.8528116092251878
QN1102,7871,115780,14.709693812730276,0.8005336043704739
QN1103,6927,96908,13.989894615273567,0.8146383715894326
QN1104,4487,68193,15.197905059059504,0.8861154446177847
QN1201,3994,38996,9.763645468202304,0.8184777165748623
QN1202,3560,46326,13.012921348314606,0.8651685393258427
QN1203,4900,66558,13.583265306122449,0.8644897959183674
QN1204,3343,46692,13.967095423272509,0.9063715225845049
QN1205,6644,91903,13.832480433473812,0.8946417820590006
QN1206,2530,34712,13.7201581027668,0.8936758893280632
QN1301,6423,92717,14.435154912034875,0.839638798069438
QN1302,6065,90106,14.856718878812861,0.7544929925803793
QN1303,6498,90982,14.00153893505694,0.7794706063404124
QN1304,3099,43872,14.156824782187803,0.8280090351726364
QN1305,4406,57373,13.02156150703586,0.7857467090331366
QN1306,3603,39325,10.914515681376631,0.8576186511240633
QN1307,5134,65644,12.786131671211532,0.8570315543435918
QN1401,5000,45455,9.091,0.7092
QN1402,2763,14197,5.138255519363011,0.5993485342019544
QN1403,3369,27256,8.090234490946868,0.6114574057583853
SI0101,2274,23247,10.222955145118734,0.8122251539138082
SI0102,2204,19564,8.876588021778584,0.7781306715063521
SI0103,2722,23718,8.713445995591476,0.8541513592946363
SI0104,5436,75647,13.915930831493746,0.8839220014716703
SI0105,6330,85450,13.499210110584519,0.9042654028436019
SI0106,2082,21610,10.379442843419788,0.866474543707973
SI0107,3582,31117,8.687046342825237,0.7841987716359575
SI0201,5745,71367,12.422454308093995,0.8537859007832899
SI0202,6429,93077,14.477679265826723,0.83481101259916
SI0203,5516,63143,11.447244379985497,0.8511602610587382
SI0204,7064,67640,9.575311438278595,0.7238108720271801
SI0301,5462,65804,12.047601611131453,0.80483339436104
SI0302,14785,156385,10.57727426445722,0.7609739600946905
SI0303,8414,81687,9.70846208699786,0.8282624197765629
SI0304,16522,153471,9.288887543880886,0.8072267279990316
SI0305,6563,59872,9.122657321346946,0.8250799939052262
