date,year,month,TREE,UNIDENTIFIED,WEED,GRASS,MOLD
2022-03-01,2022,3,,,,,0
2022-03-02,2022,3,2.0,,,,0
2022-03-03,2022,3,13.0,2.0,,,0
2022-03-04,2022,3,2.0,,,,0
2022-03-05,2022,3,19.0,,,,0
2022-03-06,2022,3,257.0,7.0,,,0
2022-03-07,2022,3,328.0,7.0,,,0
2022-03-08,2022,3,64.0,,2.0,,0
2022-03-09,2022,3,9.0,,,,0
2022-03-10,2022,3,,,,,0
2022-03-11,2022,3,17.0,,,,0
2022-03-12,2022,3,9.0,,,,0
2022-03-13,2022,3,2.0,2.0,,,0
2022-03-14,2022,3,23.0,,,,0
2022-03-15,2022,3,317.0,2.0,3.0,2.0,0
2022-03-16,2022,3,132.0,,,,0
2022-03-17,2022,3,24.0,,,,0
2022-03-18,2022,3,203.0,,,,0
2022-03-19,2022,3,518.0,,,,0
2022-03-20,2022,3,143.0,2.0,,,0
2022-03-21,2022,3,45.0,,,,0
2022-03-22,2022,3,35.0,,,,0
2022-03-23,2022,3,18.0,,,,0
2022-03-24,2022,3,,,,,0
2022-03-25,2022,3,6.0,,,,0
2022-03-26,2022,3,19.0,,,,0
2022-03-27,2022,3,8.0,,,,0
2022-03-28,2022,3,4.0,,,,0
2022-03-29,2022,3,6.0,,,,0
2022-03-30,2022,3,10.0,,,,0
2022-03-31,2022,3,53.0,2.0,,,0
2022-04-01,2022,4,60.0,,,,0
2022-04-02,2022,4,9.0,2.0,,,0
2022-04-03,2022,4,4.0,,,,0
2022-04-04,2022,4,9.0,,,,0
2022-04-05,2022,4,18.0,,,,0
2022-04-06,2022,4,19.0,,,,0
2022-04-07,2022,4,13.0,2.0,,,0
2022-04-08,2022,4,29.0,,2.0,,0
2022-04-09,2022,4,44.0,,,,0
2022-04-10,2022,4,58.0,4.0,,,0
2022-04-11,2022,4,23.0,,,,0
2022-04-12,2022,4,96.0,,,,0
2022-04-13,2022,4,98.0,18.0,2.0,2.0,0
2022-04-14,2022,4,403.0,18.0,2.0,7.0,0
2022-04-15,2022,4,123.0,4.0,2.0,4.0,0
2022-04-16,2022,4,73.0,2.0,,2.0,0
2022-04-17,2022,4,42.0,2.0,,,0
2022-04-18,2022,4,8.0,,,,0
2022-04-19,2022,4,43.0,7.0,4.0,,0
2022-04-20,2022,4,43.0,,,,0
2022-04-21,2022,4,223.0,9.0,7.0,,0
2022-04-23,2022,4,513.0,15.0,4.0,,0
2022-05-04,2022,5,817.0,11.0,,,0
2022-05-06,2022,5,272.0,,,6.0,0
2022-05-07,2022,5,338.0,,,,0
2022-05-08,2022,5,322.0,,11.0,6.0,0
2022-05-09,2022,5,299.0,11.0,,,0
2022-05-10,2022,5,556.0,20.0,11.0,9.0,0
2022-05-11,2022,5,731.0,17.0,,,0
2022-05-12,2022,5,520.0,22.0,,6.0,0
2022-05-13,2022,5,266.0,,6.0,,0
2022-05-14,2022,5,150.0,,,,0
2022-05-15,2022,5,498.0,6.0,,6.0,0
2022-05-16,2022,5,470.0,,,6.0,0
2022-05-17,2022,5,1642.0,29.0,11.0,39.0,0
2022-05-18,2022,5,191.0,,8.0,4.0,0
2022-05-19,2022,5,24.0,2.0,,2.0,0
2022-05-20,2022,5,92.0,9.0,,,0
2022-05-26,2022,5,24.0,,3.0,5.0,0
2022-05-27,2022,5,106.0,,,17.0,0
2022-05-28,2022,5,100.0,,,,0
2022-05-29,2022,5,211.0,17.0,17.0,22.0,0
2022-05-30,2022,5,239.0,11.0,,44.0,0
2022-05-31,2022,5,316.0,22.0,6.0,50.0,0
2022-06-01,2022,6,4.0,4.0,6.0,15.0,0
2022-06-02,2022,6,22.0,,,,0
2022-06-03,2022,6,199.0,,2.0,11.0,0
2022-06-04,2022,6,172.0,4.0,6.0,22.0,0
2022-06-05,2022,6,105.0,2.0,6.0,24.0,0
2022-06-06,2022,6,56.0,11.0,2.0,24.0,0
2022-06-07,2022,6,30.0,7.0,6.0,4.0,0
2022-06-08,2022,6,15.0,2.0,2.0,11.0,0
2022-06-09,2022,6,27.0,4.0,2.0,11.0,0
2022-06-10,2022,6,49.0,4.0,19.0,22.0,0
2022-06-11,2022,6,39.0,4.0,8.0,17.0,0
2022-06-12,2022,6,17.0,,2.0,4.0,0
2022-06-13,2022,6,11.0,,,27.0,0
2022-06-14,2022,6,33.0,,7.0,31.0,0
2022-06-15,2022,6,46.0,7.0,10.0,2.0,0
2022-06-16,2022,6,6.0,2.0,,,0
2022-06-17,2022,6,28.0,,4.0,13.0,0
2022-06-18,2022,6,6.0,9.0,6.0,13.0,0
2022-06-19,2022,6,9.0,,4.0,2.0,0
2022-06-20,2022,6,4.0,4.0,,4.0,0
2022-06-21,2022,6,,,7.0,9.0,0
2022-06-22,2022,6,4.0,7.0,,2.0,0
2022-06-23,2022,6,,,4.0,,0
2022-06-24,2022,6,2.0,2.0,4.0,,0
2022-06-25,2022,6,2.0,2.0,6.0,4.0,0
2022-06-26,2022,6,2.0,7.0,2.0,2.0,0
2022-06-27,2022,6,4.0,4.0,4.0,7.0,0
2022-06-28,2022,6,4.0,2.0,12.0,9.0,0
2022-06-29,2022,6,,,2.0,,0
2022-06-30,2022,6,2.0,9.0,15.0,15.0,0
2022-07-01,2022,7,,2.0,15.0,4.0,0
2022-07-02,2022,7,2.0,2.0,11.0,2.0,0
2022-07-03,2022,7,2.0,7.0,6.0,15.0,0
2022-07-04,2022,7,,,6.0,2.0,0
2022-07-05,2022,7,,,,4.0,0
2022-07-06,2022,7,2.0,,,2.0,0
2022-07-07,2022,7,2.0,,,9.0,0
2022-07-08,2022,7,,2.0,,2.0,0
2022-07-09,2022,7,6.0,4.0,4.0,4.0,0
2022-07-10,2022,7,,,2.0,,0
2022-07-11,2022,7,2.0,,,,0
2022-07-12,2022,7,2.0,,2.0,,0
2022-07-13,2022,7,2.0,,2.0,,0
2022-07-15,2022,7,,2.0,,4.0,0
2022-07-16,2022,7,,4.0,6.0,,0
2022-07-17,2022,7,,,,,0
2022-07-18,2022,7,4.0,,6.0,,0
2022-07-19,2022,7,,,6.0,2.0,0
2022-07-20,2022,7,,7.0,2.0,4.0,0
2022-07-21,2022,7,,,2.0,,0
2022-07-22,2022,7,2.0,4.0,8.0,2.0,0
2022-07-23,2022,7,2.0,,,,0
2022-07-24,2022,7,4.0,,8.0,2.0,0
2022-07-25,2022,7,4.0,2.0,2.0,,0
2022-07-26,2022,7,11.0,4.0,8.0,,0
2022-07-27,2022,7,,,6.0,4.0,0
2022-07-28,2022,7,,,,,0
2022-07-29,2022,7,6.0,2.0,2.0,2.0,0
2022-07-30,2022,7,2.0,,2.0,,0
2022-07-31,2022,7,,,,,0
2022-08-01,2022,8,,,2.0,,0
2022-08-02,2022,8,,,,,0
2022-08-03,2022,8,,,,,0
2022-08-04,2022,8,,,,,0
2022-08-05,2022,8,,,,,0
2022-08-06,2022,8,,,,,0
2022-08-07,2022,8,,2.0,,,0
2022-08-08,2022,8,,4.0,,,0
2022-08-09,2022,8,,2.0,4.0,,0
2022-08-10,2022,8,,,,,0
2022-08-11,2022,8,,,,,0
2022-08-12,2022,8,,,,,0
2022-08-13,2022,8,,,,,0
2022-08-14,2022,8,,,,,0
2022-08-15,2022,8,,,,,0
2022-08-16,2022,8,,,,,0
2022-08-17,2022,8,,2.0,,2.0,0
2022-08-18,2022,8,,2.0,,,0
2022-08-19,2022,8,,,2.0,,0
2022-08-20,2022,8,,,2.0,2.0,0
2022-08-21,2022,8,,,2.0,2.0,0
2022-08-22,2022,8,,,4.0,,0
2022-08-23,2022,8,,2.0,2.0,,0
2022-08-24,2022,8,,,13.0,,0
2022-08-25,2022,8,,,13.0,2.0,0
2022-08-26,2022,8,,,4.0,,0
2022-08-27,2022,8,,,13.0,,0
2022-08-28,2022,8,2.0,2.0,4.0,,0
2022-08-29,2022,8,2.0,2.0,8.0,,0
2022-08-30,2022,8,2.0,2.0,14.0,2.0,0
2022-08-31,2022,8,,,9.0,,0
2022-09-01,2022,9,,,2.0,2.0,0
2022-09-03,2022,9,,,4.0,,0
2022-09-04,2022,9,,2.0,13.0,26.0,0
2022-09-05,2022,9,2.0,,4.0,9.0,0
2022-09-06,2022,9,,,,,0
2022-09-07,2022,9,,,4.0,9.0,0
2022-09-08,2022,9,,,3.0,9.0,0
2022-09-09,2022,9,2.0,2.0,,13.0,0
2022-09-10,2022,9,9.0,,19.0,38.0,0
2022-09-11,2022,9,29.0,2.0,69.0,11.0,0
2022-09-12,2022,9,4.0,4.0,27.0,33.0,0
2022-09-13,2022,9,20.0,,12.0,62.0,0
2022-09-14,2022,9,40.0,,48.0,44.0,0
2022-09-15,2022,9,99.0,,55.0,24.0,0
2022-09-16,2022,9,71.0,,18.0,22.0,0
2022-09-21,2022,9,2.0,,28.0,2.0,0
2022-09-22,2022,9,17.0,,4.0,7.0,0
2022-09-23,2022,9,33.0,2.0,15.0,11.0,0
2022-09-24,2022,9,29.0,,6.0,4.0,0
2022-09-25,2022,9,11.0,,6.0,,0
2022-09-26,2022,9,4.0,,13.0,2.0,0
2022-09-27,2022,9,2.0,4.0,19.0,4.0,0
2022-09-28,2022,9,2.0,,10.0,2.0,0
2022-09-29,2022,9,2.0,,2.0,,0
2022-09-30,2022,9,,2.0,,,0
2022-10-01,2022,10,2.0,,2.0,2.0,0
2022-10-02,2022,10,4.0,,4.0,,0
2022-10-03,2022,10,4.0,,2.0,,0
2022-10-04,2022,10,,,,2.0,0
2022-10-05,2022,10,9.0,2.0,2.0,,0
2022-10-06,2022,10,7.0,,6.0,2.0,0
2022-10-07,2022,10,,,,2.0,0
2022-10-08,2022,10,2.0,2.0,,,0
2022-10-09,2022,10,,,4.0,,0
2022-10-10,2022,10,2.0,,,,0
2022-10-11,2022,10,2.0,2.0,,2.0,0
2022-10-12,2022,10,,,,,0
2022-10-13,2022,10,,,2.0,,0
2022-10-14,2022,10,2.0,,,4.0,0
2022-10-15,2022,10,,4.0,13.0,,0
2022-10-16,2022,10,,2.0,8.0,,0
2022-10-17,2022,10,2.0,,7.0,2.0,0
2022-10-18,2022,10,2.0,,6.0,,0
2022-10-19,2022,10,2.0,,4.0,,0
2022-10-20,2022,10,2.0,,4.0,4.0,0
2022-10-21,2022,10,,,4.0,,0
2022-10-22,2022,10,,,4.0,,0
2022-10-23,2022,10,,,,,0
2022-10-24,2022,10,,,7.0,,0
2022-10-25,2022,10,,,,,0
2022-10-26,2022,10,,,,,0
2022-10-27,2022,10,,,,,0
2022-10-28,2022,10,,,2.0,,0
2022-10-29,2022,10,,,,,0
2022-10-30,2022,10,,,,,0
2022-10-31,2022,10,,,,,0
2023-03-01,2023,3,15.0,,2.0,,0
2023-03-02,2023,3,13.0,,2.0,,0
2023-03-03,2023,3,31.0,,,,0
2023-03-04,2023,3,6.0,,,,0
2023-03-05,2023,3,15.0,,,,0
2023-03-06,2023,3,20.0,,,,0
2023-03-07,2023,3,4.0,,,,0
2023-03-08,2023,3,4.0,,,,0
2023-03-09,2023,3,17.0,,,,0
2023-03-10,2023,3,22.0,,,,0
2023-03-11,2023,3,19.0,,,,0
2023-03-12,2023,3,9.0,,,,0
2023-03-13,2023,3,11.0,,,,0
2023-03-14,2023,3,4.0,,,,0
2023-03-15,2023,3,26.0,,,,0
2023-03-17,2023,3,214.0,,,,0
2023-03-18,2023,3,202.0,,2.0,,0
2023-03-19,2023,3,8.0,2.0,,,0
2023-03-20,2023,3,13.0,,,,0
2023-03-21,2023,3,136.0,,,,0
2023-03-22,2023,3,132.0,2.0,,,0
2023-03-23,2023,3,217.0,,2.0,2.0,0
2023-03-24,2023,3,77.0,,,,0
2023-03-25,2023,3,54.0,7.0,,,0
2023-03-26,2023,3,46.0,,2.0,,0
2023-03-27,2023,3,73.0,2.0,2.0,2.0,0
2023-03-28,2023,3,24.0,,2.0,,0
2023-03-29,2023,3,30.0,2.0,2.0,,0
2023-03-30,2023,3,30.0,,,,0
2023-03-31,2023,3,99.0,,,,0
2023-04-01,2023,4,228.0,,9.0,,0
2023-04-02,2023,4,167.0,2.0,,,0
2023-04-03,2023,4,50.0,2.0,4.0,,0
2023-04-04,2023,4,102.0,4.0,,,0
2023-04-05,2023,4,532.0,,,,0
2023-04-06,2023,4,109.0,13.0,,,0
2023-04-07,2023,4,54.0,,2.0,,0
2023-04-08,2023,4,30.0,,,,0
2023-04-09,2023,4,30.0,2.0,,,0
2023-04-10,2023,4,47.0,,4.0,,0
2023-04-11,2023,4,109.0,7.0,,,0
2023-04-12,2023,4,309.0,9.0,,4.0,0
2023-04-13,2023,4,263.0,9.0,,2.0,0
2023-04-14,2023,4,610.0,22.0,,,0
2023-04-15,2023,4,1011.0,4.0,,,0
2023-04-16,2023,4,1941.0,17.0,,,0
2023-04-17,2023,4,1282.0,13.0,7.0,,0
2023-04-18,2023,4,572.0,11.0,,2.0,0
2023-04-19,2023,4,162.0,9.0,,,0
2023-04-20,2023,4,422.0,4.0,2.0,,0
2023-04-21,2023,4,689.0,4.0,,2.0,0
2023-04-22,2023,4,510.0,4.0,,4.0,0
2023-04-23,2023,4,382.0,,,,0
2023-04-24,2023,4,166.0,2.0,,,0
2023-04-25,2023,4,196.0,4.0,,,0
2023-04-26,2023,4,321.0,4.0,4.0,,0
2023-04-27,2023,4,134.0,9.0,,2.0,0
2023-04-28,2023,4,336.0,13.0,2.0,2.0,0
2023-04-29,2023,4,11.0,,,,0
2023-04-30,2023,4,7.0,,,,0
2023-05-01,2023,5,320.0,7.0,2.0,4.0,0
2023-05-02,2023,5,90.0,4.0,13.0,2.0,0
2023-05-03,2023,5,87.0,,,,0
2023-05-04,2023,5,91.0,,,,0
2023-05-05,2023,5,218.0,9.0,6.0,,0
2023-05-06,2023,5,475.0,7.0,2.0,,0
2023-05-09,2023,5,184.0,18.0,,4.0,0
2023-05-10,2023,5,53.0,4.0,2.0,,0
2023-05-11,2023,5,213.0,15.0,2.0,2.0,0
2023-05-12,2023,5,148.0,11.0,2.0,11.0,0
2023-05-13,2023,5,129.0,9.0,2.0,4.0,0
2023-05-14,2023,5,126.0,2.0,2.0,7.0,0
2023-05-15,2023,5,74.0,4.0,2.0,4.0,0
2023-05-16,2023,5,286.0,9.0,,2.0,0
2023-05-18,2023,5,20.0,,2.0,,0
2023-05-19,2023,5,35.0,7.0,2.0,,0
2023-05-20,2023,5,8.0,,2.0,,0
2023-05-21,2023,5,126.0,11.0,2.0,4.0,0
2023-05-22,2023,5,92.0,4.0,2.0,2.0,0
2023-05-23,2023,5,28.0,2.0,2.0,4.0,0
2023-05-24,2023,5,30.0,4.0,,,0
2023-05-25,2023,5,6.0,2.0,,4.0,0
2023-05-26,2023,5,70.0,4.0,2.0,2.0,0
2023-05-27,2023,5,84.0,9.0,9.0,2.0,0
2023-05-28,2023,5,23.0,,2.0,,0
2023-05-29,2023,5,306.0,7.0,9.0,11.0,0
2023-05-30,2023,5,73.0,4.0,,4.0,0
2023-05-31,2023,5,13.0,2.0,,,0
2023-06-01,2023,6,8.0,2.0,2.0,4.0,0
2023-06-02,2023,6,68.0,2.0,4.0,,0
2023-06-03,2023,6,110.0,7.0,2.0,4.0,0
2023-06-04,2023,6,142.0,13.0,2.0,13.0,0
2023-06-05,2023,6,74.0,9.0,,11.0,0
2023-06-06,2023,6,112.0,13.0,2.0,13.0,0
2023-06-07,2023,6,197.0,20.0,,7.0,0
2023-06-08,2023,6,64.0,,4.0,11.0,0
2023-06-09,2023,6,19.0,2.0,,,0
2023-06-10,2023,6,13.0,4.0,4.0,4.0,0
2023-06-11,2023,6,12.0,2.0,4.0,2.0,0
2023-06-12,2023,6,8.0,,2.0,4.0,0
2023-06-13,2023,6,18.0,,,2.0,0
2023-06-14,2023,6,11.0,2.0,7.0,7.0,0
2023-06-15,2023,6,4.0,7.0,13.0,2.0,0
2023-06-16,2023,6,,2.0,,4.0,0
2023-06-17,2023,6,15.0,9.0,2.0,2.0,0
2023-06-18,2023,6,10.0,2.0,11.0,2.0,0
2023-06-19,2023,6,4.0,7.0,4.0,4.0,0
2023-06-20,2023,6,4.0,2.0,2.0,,0
2023-06-21,2023,6,6.0,4.0,4.0,2.0,0
2023-06-22,2023,6,6.0,2.0,8.0,2.0,0
2023-06-23,2023,6,,9.0,,,0
2023-06-24,2023,6,,2.0,2.0,,0
2023-06-25,2023,6,2.0,2.0,,4.0,0
2023-06-26,2023,6,4.0,2.0,,2.0,0
2023-06-27,2023,6,2.0,,2.0,,0
2023-06-28,2023,6,,,,2.0,0
2023-06-29,2023,6,2.0,,2.0,2.0,0
2023-06-30,2023,6,,,4.0,2.0,0
2023-07-01,2023,7,4.0,2.0,,,0
2023-07-02,2023,7,10.0,2.0,,,0
2023-07-03,2023,7,2.0,2.0,7.0,2.0,0
2023-07-04,2023,7,2.0,,2.0,,0
2023-07-05,2023,7,,4.0,2.0,,0
2023-07-06,2023,7,,,2.0,,0
2023-07-07,2023,7,,,,,0
2023-07-08,2023,7,,,4.0,,0
2023-07-09,2023,7,4.0,4.0,6.0,,0
2023-07-10,2023,7,,,8.0,,0
2023-07-11,2023,7,4.0,,10.0,2.0,0
2023-07-12,2023,7,7.0,2.0,13.0,13.0,0
2023-07-13,2023,7,16.0,2.0,13.0,9.0,0
2023-07-14,2023,7,4.0,2.0,,2.0,0
2023-07-15,2023,7,6.0,,,,0
2023-07-16,2023,7,,2.0,,4.0,0
2023-07-17,2023,7,10.0,,4.0,,0
2023-07-18,2023,7,4.0,,15.0,,0
2023-07-19,2023,7,,,6.0,2.0,0
2023-07-20,2023,7,4.0,2.0,30.0,9.0,0
2023-07-21,2023,7,4.0,,13.0,,0
2023-07-22,2023,7,,,40.0,2.0,0
2023-07-23,2023,7,2.0,,30.0,2.0,0
2023-07-24,2023,7,,,4.0,,0
2023-07-25,2023,7,,2.0,9.0,2.0,0
2023-07-26,2023,7,4.0,2.0,2.0,,0
2023-07-27,2023,7,,,8.0,,0
2023-07-28,2023,7,2.0,,9.0,,0
2023-07-29,2023,7,,,4.0,2.0,0
2023-07-30,2023,7,,2.0,11.0,,0
2023-07-31,2023,7,,,15.0,,0
2023-08-01,2023,8,,,9.0,,0
2023-08-02,2023,8,2.0,,11.0,2.0,0
2023-08-03,2023,8,4.0,,22.0,,0
2023-08-04,2023,8,,2.0,11.0,,0
2023-08-05,2023,8,2.0,2.0,19.0,,0
2023-08-06,2023,8,,,53.0,2.0,0
2023-08-07,2023,8,4.0,,2.0,,0
2023-08-08,2023,8,,,8.0,2.0,0
2023-08-09,2023,8,,,35.0,2.0,0
2023-08-10,2023,8,1.0,,9.0,2.0,0
2023-08-11,2023,8,,,9.0,2.0,0
2023-08-12,2023,8,,2.0,17.0,2.0,0
2023-08-13,2023,8,,2.0,4.0,,0
2023-08-14,2023,8,,,10.0,4.0,0
2023-08-15,2023,8,,,4.0,,0
2023-08-16,2023,8,,,,2.0,0
2023-08-17,2023,8,,,11.0,2.0,0
2023-08-18,2023,8,2.0,,11.0,,0
2023-08-19,2023,8,,,9.0,,0
2023-08-20,2023,8,2.0,,4.0,,0
2023-08-21,2023,8,,,2.0,2.0,0
2023-08-22,2023,8,,4.0,22.0,4.0,0
2023-08-23,2023,8,2.0,,7.0,2.0,0
2023-08-24,2023,8,,,4.0,,0
2023-08-25,2023,8,,,4.0,,0
2023-08-26,2023,8,2.0,,21.0,2.0,0
2023-08-27,2023,8,4.0,2.0,10.0,2.0,0
2023-08-28,2023,8,,,6.0,2.0,0
2023-08-29,2023,8,,4.0,10.0,2.0,0
2023-08-30,2023,8,,,29.0,29.0,0
2023-08-31,2023,8,,2.0,13.0,4.0,0
2023-09-01,2023,9,,,4.0,,0
2023-09-02,2023,9,,,6.0,22.0,0
2023-09-03,2023,9,,2.0,16.0,53.0,0
2023-09-04,2023,9,,,14.0,35.0,0
2023-09-05,2023,9,,2.0,6.0,7.0,0
2023-09-06,2023,9,,,,4.0,0
2023-09-07,2023,9,15.0,2.0,6.0,15.0,0
2023-09-08,2023,9,2.0,2.0,6.0,4.0,0
2023-09-10,2023,9,,,,7.0,0
2023-09-11,2023,9,,,6.0,2.0,0
2023-09-12,2023,9,,,41.0,11.0,0
2023-09-13,2023,9,,,13.0,,0
2023-09-14,2023,9,,,,,0
2023-09-15,2023,9,,,6.0,2.0,0
2023-09-16,2023,9,2.0,2.0,11.0,7.0,0
2023-09-17,2023,9,4.0,,26.0,,0
2023-09-18,2023,9,7.0,,7.0,,0
2023-09-19,2023,9,4.0,,13.0,,0
2023-09-20,2023,9,4.0,,2.0,,0
2023-09-21,2023,9,9.0,,4.0,,0
2023-09-22,2023,9,,,2.0,,0
2023-09-23,2023,9,4.0,,18.0,38.0,0
2023-09-24,2023,9,,,,,0
2023-09-25,2023,9,4.0,,2.0,,0
2023-09-26,2023,9,11.0,,2.0,,0
2023-09-27,2023,9,11.0,2.0,,,0
2023-09-28,2023,9,2.0,,2.0,,0
2023-09-29,2023,9,,,,,0
2023-09-30,2023,9,13.0,,,,0
2023-10-01,2023,10,4.0,,6.0,,0
2023-10-02,2023,10,9.0,,2.0,2.0,0
2023-10-03,2023,10,,,7.0,,0
2023-10-04,2023,10,2.0,,,,0
2023-10-05,2023,10,,,4.0,,0
2023-10-06,2023,10,,,2.0,,0
2023-10-07,2023,10,,,,,0
2023-10-08,2023,10,2.0,,6.0,,0
2023-10-09,2023,10,,,2.0,,0
2023-10-10,2023,10,4.0,2.0,,,0
2023-10-11,2023,10,,,4.0,,0
2023-10-12,2023,10,,,4.0,,0
2023-10-13,2023,10,,,,,0
2023-10-14,2023,10,,,,,0
2023-10-15,2023,10,,,2.0,,0
2023-10-16,2023,10,,,,,0
2023-10-17,2023,10,,,,,0
2023-10-18,2023,10,,,,,0
2023-10-19,2023,10,,,,,0
2023-10-20,2023,10,2.0,,2.0,,0
2023-10-21,2023,10,,2.0,,2.0,0
2023-10-22,2023,10,,,4.0,2.0,0
2023-10-23,2023,10,,,,,0
2023-10-24,2023,10,,,,,0
2023-10-25,2023,10,,,,,0
2023-10-26,2023,10,,,,,0
2023-10-27,2023,10,,,,,0
2023-10-28,2023,10,,,,2.0,0
2023-10-29,2023,10,4.0,,,,0
2023-10-30,2023,10,,2.0,,,0
2023-10-31,2023,10,2.0,,,,0
2024-03-01,2024,3,29.0,,,,0
2024-03-02,2024,3,,,,,0
2024-03-04,2024,3,17.0,,,,0
2024-03-05,2024,3,4.0,,,,0
2024-03-06,2024,3,2.0,,,,0
2024-03-07,2024,3,20.0,,,,0
2024-03-08,2024,3,51.0,,,,0
2024-03-09,2024,3,53.0,,,,0
2024-03-10,2024,3,4.0,,,,0
2024-03-11,2024,3,6.0,,,,0
2024-03-12,2024,3,85.0,2.0,,,0
2024-03-13,2024,3,138.0,2.0,,,0
2024-03-14,2024,3,178.0,2.0,,,0
2024-03-15,2024,3,99.0,,,,0
2024-03-16,2024,3,53.0,,,,0
2024-03-17,2024,3,38.0,,,,0
2024-03-18,2024,3,19.0,,,,0
2024-03-19,2024,3,4.0,,,,0
2024-03-20,2024,3,18.0,,,,0
2024-03-21,2024,3,8.0,,,,0
2024-03-22,2024,3,6.0,,,,0
2024-03-23,2024,3,11.0,,,,0
2024-03-24,2024,3,13.0,,4.0,,0
2024-03-25,2024,3,6.0,,,,0
2024-03-26,2024,3,11.0,,,,0
2024-03-27,2024,3,4.0,,,,0
2024-03-28,2024,3,4.0,,,,0
2024-03-29,2024,3,61.0,,,,0
2024-03-30,2024,3,4.0,,,,0
2024-03-31,2024,3,95.0,,,,0
2024-04-01,2024,4,22.0,,,,0
2024-04-02,2024,4,4.0,,2.0,,0
2024-04-03,2024,4,,,,,0
2024-04-04,2024,4,20.0,2.0,,,0
2024-04-05,2024,4,6.0,2.0,,,0
2024-04-06,2024,4,9.0,,,,0
2024-04-07,2024,4,17.0,,,2.0,0
2024-04-08,2024,4,13.0,,,,0
2024-04-10,2024,4,13.0,,,,0
2024-04-11,2024,4,13.0,2.0,,,0
2024-04-12,2024,4,62.0,2.0,,2.0,0
2024-04-13,2024,4,17.0,,,,0
2024-04-14,2024,4,147.0,4.0,2.0,9.0,0
2024-04-15,2024,4,195.0,2.0,,2.0,0
2024-04-16,2024,4,162.0,,7.0,,0
2024-04-17,2024,4,521.0,11.0,2.0,11.0,0
2024-04-18,2024,4,125.0,2.0,4.0,,0
2024-04-19,2024,4,194.0,,,2.0,0
2024-04-20,2024,4,489.0,,2.0,2.0,0
2024-04-21,2024,4,168.0,4.0,7.0,2.0,0
2024-04-22,2024,4,183.0,7.0,7.0,2.0,0
2024-04-23,2024,4,219.0,4.0,,,0
2024-04-24,2024,4,116.0,2.0,,2.0,0
2024-04-25,2024,4,123.0,2.0,,,0
2024-04-26,2024,4,44.0,2.0,2.0,2.0,0
2024-04-27,2024,4,81.0,,,,0
2024-04-28,2024,4,154.0,,,,0
2024-04-29,2024,4,470.0,2.0,,2.0,0
2024-04-30,2024,4,526.0,2.0,,2.0,0
2024-05-01,2024,5,283.0,,2.0,4.0,0
2024-05-02,2024,5,452.0,,,,0
2024-05-03,2024,5,248.0,2.0,,,0
2024-05-04,2024,5,172.0,,,11.0,0
2024-05-05,2024,5,67.0,,,2.0,0
2024-05-06,2024,5,204.0,2.0,4.0,2.0,0
2024-05-07,2024,5,857.0,,50.0,6.0,0
2024-05-08,2024,5,253.0,7.0,4.0,20.0,0
2024-05-09,2024,5,286.0,,9.0,4.0,0
2024-05-10,2024,5,108.0,,4.0,2.0,0
2024-05-11,2024,5,100.0,,,2.0,0
2024-05-12,2024,5,60.0,,,,0
2024-05-13,2024,5,53.0,,3.0,,0
2024-05-16,2024,5,123.0,,,13.0,0
2024-05-17,2024,5,80.0,2.0,,7.0,0
2024-05-18,2024,5,55.0,,,11.0,0
2024-05-19,2024,5,20.0,4.0,4.0,4.0,0
2024-05-20,2024,5,26.0,,,2.0,0
2024-05-21,2024,5,151.0,9.0,2.0,9.0,0
2024-05-22,2024,5,273.0,9.0,8.0,35.0,0
2024-05-23,2024,5,199.0,4.0,11.0,18.0,0
2024-05-24,2024,5,590.0,7.0,15.0,29.0,0
2024-05-25,2024,5,303.0,2.0,18.0,66.0,0
2024-05-26,2024,5,94.0,2.0,18.0,20.0,0
2024-05-27,2024,5,17.0,,2.0,2.0,0
2024-05-28,2024,5,69.0,7.0,4.0,9.0,0
2024-05-29,2024,5,31.0,4.0,14.0,11.0,0
2024-05-30,2024,5,147.0,,2.0,18.0,0
2024-05-31,2024,5,244.0,4.0,11.0,15.0,0
2024-06-01,2024,6,99.0,7.0,19.0,40.0,0
2024-06-02,2024,6,24.0,2.0,4.0,22.0,0
2024-06-03,2024,6,51.0,,4.0,4.0,0
2024-06-04,2024,6,110.0,,2.0,,0
2024-06-05,2024,6,,,,,0
2024-06-06,2024,6,2.0,,2.0,,0
2024-06-07,2024,6,15.0,,,7.0,0
2024-06-08,2024,6,,,2.0,,0
2024-06-09,2024,6,6.0,,6.0,2.0,0
2024-06-10,2024,6,6.0,,8.0,,0
2024-06-11,2024,6,2.0,,2.0,2.0,0
2024-06-12,2024,6,4.0,,15.0,,0
2024-06-13,2024,6,4.0,,10.0,9.0,0
2024-06-14,2024,6,2.0,2.0,15.0,,0
2024-06-15,2024,6,7.0,2.0,12.0,13.0,0
2024-06-16,2024,6,41.0,,6.0,13.0,0
2024-06-17,2024,6,8.0,,4.0,4.0,0
2024-06-18,2024,6,2.0,,4.0,2.0,0
2024-06-19,2024,6,6.0,,,,0
2024-06-20,2024,6,,4.0,9.0,4.0,0
2024-06-21,2024,6,4.0,4.0,6.0,2.0,0
2024-06-22,2024,6,6.0,,6.0,2.0,0
2024-06-23,2024,6,4.0,4.0,2.0,11.0,0
2024-06-24,2024,6,2.0,2.0,6.0,15.0,0
2024-06-25,2024,6,4.0,4.0,2.0,,0
2024-06-26,2024,6,4.0,4.0,8.0,7.0,0
2024-06-27,2024,6,4.0,2.0,9.0,7.0,0
2024-06-28,2024,6,4.0,,9.0,2.0,0
2024-06-29,2024,6,2.0,2.0,4.0,,0
2024-06-30,2024,6,4.0,,2.0,,0
2024-07-01,2024,7,2.0,7.0,,4.0,0
2024-07-02,2024,7,,,2.0,,0
2024-07-03,2024,7,2.0,,2.0,4.0,0
2024-07-04,2024,7,4.0,2.0,,2.0,0
2024-07-05,2024,7,,,,,0
2024-07-06,2024,7,,,,,0
2024-07-07,2024,7,,,,,0
2024-07-08,2024,7,,,,,0
2024-07-09,2024,7,,2.0,2.0,,0
2024-07-10,2024,7,2.0,2.0,4.0,,0
2024-07-11,2024,7,2.0,4.0,4.0,,0
2024-07-12,2024,7,,2.0,4.0,,0
2024-07-13,2024,7,2.0,2.0,2.0,2.0,0
2024-07-14,2024,7,4.0,,2.0,2.0,0
2024-07-15,2024,7,6.0,2.0,,4.0,0
2024-07-16,2024,7,4.0,2.0,6.0,4.0,0
2024-07-17,2024,7,2.0,,2.0,,0
2024-07-18,2024,7,2.0,2.0,8.0,2.0,0
2024-07-19,2024,7,4.0,,14.0,7.0,0
2024-07-20,2024,7,2.0,,,,0
2024-07-21,2024,7,4.0,,13.0,2.0,0
2024-07-22,2024,7,2.0,,2.0,,0
2024-07-23,2024,7,,,,2.0,0
2024-07-24,2024,7,,,2.0,,0
2024-07-25,2024,7,,,2.0,,0
2024-07-26,2024,7,,,6.0,4.0,0
2024-07-27,2024,7,,2.0,8.0,,0
2024-07-28,2024,7,,2.0,6.0,,0
2024-07-30,2024,7,,,2.0,2.0,0
2024-07-31,2024,7,,,,,0
2024-08-01,2024,8,6.0,,19.0,,0
2024-08-02,2024,8,2.0,,4.0,,0
2024-08-03,2024,8,,,6.0,2.0,0
2024-08-04,2024,8,,,,2.0,0
2024-08-05,2024,8,,,14.0,2.0,0
2024-08-06,2024,8,,,14.0,,0
2024-08-07,2024,8,2.0,,,,0
2024-08-08,2024,8,,,,,0
2024-08-09,2024,8,2.0,,,,0
2024-08-10,2024,8,,,15.0,,0
2024-08-11,2024,8,,,11.0,,0
2024-08-12,2024,8,2.0,,17.0,,0
2024-08-13,2024,8,,,9.0,,0
2024-08-14,2024,8,,,29.0,,0
2024-08-15,2024,8,,2.0,9.0,4.0,0
2024-08-16,2024,8,,,20.0,2.0,0
2024-08-17,2024,8,,,11.0,,0
2024-08-18,2024,8,2.0,,,,0
2024-08-19,2024,8,2.0,,,,0
2024-08-20,2024,8,,,4.0,,0
2024-08-21,2024,8,2.0,,2.0,,0
2024-08-22,2024,8,,,26.0,4.0,0
2024-08-23,2024,8,2.0,,6.0,,0
2024-08-24,2024,8,2.0,2.0,19.0,9.0,0
2024-08-25,2024,8,2.0,2.0,6.0,,0
2024-08-26,2024,8,2.0,2.0,17.0,,0
2024-08-27,2024,8,6.0,2.0,4.0,,0
2024-08-28,2024,8,17.0,,6.0,7.0,0
2024-08-29,2024,8,24.0,,8.0,7.0,0
2024-08-30,2024,8,6.0,2.0,4.0,7.0,0
2024-08-31,2024,8,2.0,,10.0,2.0,0
2024-09-01,2024,9,,,32.0,9.0,0
2024-09-02,2024,9,4.0,,21.0,27.0,0
2024-09-03,2024,9,8.0,2.0,,2.0,0
2024-09-04,2024,9,,,2.0,4.0,0
2024-09-05,2024,9,4.0,,,9.0,0
2024-09-06,2024,9,7.0,,4.0,,0
2024-09-07,2024,9,2.0,,2.0,18.0,0
2024-09-08,2024,9,2.0,,4.0,110.0,0
2024-09-09,2024,9,15.0,,43.0,62.0,0
2024-09-10,2024,9,60.0,,13.0,57.0,0
2024-09-11,2024,9,75.0,,28.0,22.0,0
2024-09-12,2024,9,223.0,,20.0,9.0,0
2024-09-13,2024,9,212.0,,26.0,11.0,0
2024-09-14,2024,9,57.0,,46.0,4.0,0
2024-09-15,2024,9,4.0,,39.0,11.0,0
2024-09-16,2024,9,15.0,,29.0,11.0,0
2024-09-17,2024,9,7.0,,9.0,2.0,0
2024-09-18,2024,9,6.0,,15.0,2.0,0
2024-09-19,2024,9,15.0,,22.0,15.0,0
2024-09-20,2024,9,11.0,,11.0,11.0,0
2024-09-21,2024,9,4.0,,15.0,4.0,0
2024-09-22,2024,9,,,15.0,4.0,0
2024-09-23,2024,9,,,6.0,,0
2024-09-24,2024,9,,,2.0,7.0,0
2024-09-25,2024,9,,2.0,2.0,7.0,0
2024-09-26,2024,9,,,,2.0,0
2024-09-27,2024,9,,2.0,17.0,,0
2024-09-28,2024,9,,,4.0,,0
2024-09-29,2024,9,,,,2.0,0
2024-09-30,2024,9,4.0,,2.0,,0
2024-10-01,2024,10,,,4.0,2.0,0
2024-10-02,2024,10,2.0,,,,0
2024-10-03,2024,10,2.0,,2.0,,0
2024-10-04,2024,10,2.0,2.0,2.0,,0
2024-10-05,2024,10,,,2.0,2.0,0
2024-10-06,2024,10,4.0,2.0,,2.0,0
2024-10-07,2024,10,7.0,,4.0,4.0,0
2024-10-08,2024,10,4.0,,2.0,2.0,0
2024-10-09,2024,10,,,7.0,2.0,0
2024-10-10,2024,10,6.0,4.0,,7.0,0
2024-10-11,2024,10,,,,,0
2024-10-12,2024,10,,,8.0,7.0,0
2024-10-13,2024,10,,,6.0,,0
2024-10-14,2024,10,2.0,,8.0,4.0,0
2024-10-15,2024,10,,,,2.0,0
2024-10-16,2024,10,,,6.0,9.0,0
2024-10-17,2024,10,,,2.0,2.0,0
2024-10-18,2024,10,2.0,4.0,,,0
2024-10-19,2024,10,,,,,0
2024-10-20,2024,10,,,2.0,2.0,0
2024-10-21,2024,10,,,4.0,,0
2024-10-22,2024,10,,,,,0
2024-10-23,2024,10,,,,,0
2024-10-24,2024,10,,,,,0
2024-10-25,2024,10,,,4.0,,0
2024-10-26,2024,10,,,,4.0,0
2024-10-27,2024,10,2.0,,,,0
2024-10-28,2024,10,,,,,0
2024-10-29,2024,10,,,2.0,,0
2024-10-30,2024,10,,,2.0,,0
2024-10-31,2024,10,,,,,0
2025-03-01,2025,3,8.0,,,,0
2025-03-02,2025,3,,,,,0
2025-03-03,2025,3,2.0,,,,0
2025-03-04,2025,3,13.0,,2.0,,0
2025-03-05,2025,3,10.0,,,,0
2025-03-11,2025,3,494.0,,,,0
2025-03-12,2025,3,85.0,,,,0
2025-03-13,2025,3,121.0,,,,0
2025-03-14,2025,3,236.0,,,,0
2025-03-15,2025,3,66.0,2.0,,,0
2025-03-16,2025,3,552.0,2.0,,,0
2025-03-17,2025,3,497.0,,,,0
2025-03-18,2025,3,145.0,,,,0
2025-03-19,2025,3,165.0,,2.0,,0
2025-03-20,2025,3,36.0,,,,0
2025-03-21,2025,3,47.0,,,,0
2025-03-22,2025,3,73.0,,,,0
2025-03-23,2025,3,31.0,,,,0
2025-03-24,2025,3,35.0,,,,0
2025-03-25,2025,3,51.0,,,,0
2025-03-26,2025,3,17.0,,,,0
2025-03-27,2025,3,36.0,,,,0
2025-03-28,2025,3,81.0,,,,0
2025-03-29,2025,3,320.0,2.0,,,0
2025-03-30,2025,3,201.0,2.0,,,0
2025-03-31,2025,3,116.0,,,,0
2025-04-01,2025,4,30.0,2.0,0.0,0.0,0
2025-04-02,2025,4,48.0,2.0,,,0
2025-04-03,2025,4,142.0,,2.0,,0
2025-04-04,2025,4,130.0,,,,0
2025-04-05,2025,4,50.0,2.0,,,0
2025-04-06,2025,4,194.0,4.0,4.0,,0
2025-04-07,2025,4,39.0,,2.0,,0
2025-04-08,2025,4,24.0,,,,0
2025-04-09,2025,4,17.0,,,,0
2025-04-10,2025,4,35.0,,,,0
2025-04-11,2025,4,13.0,,,,0
2025-04-12,2025,4,6.0,,,,0
2025-04-13,2025,4,4.0,,,,0
2025-04-14,2025,4,12.0,,,,0
2025-04-15,2025,4,140.0,,,,0
2025-04-16,2025,4,51.0,,,,0
2025-04-17,2025,4,72.0,,,,0
2025-04-18,2025,4,286.0,,,4.0,0
2025-04-19,2025,4,1267.0,6.0,6.0,,0
2025-04-20,2025,4,978.0,,,,0
2025-04-21,2025,4,1891.0,,,4.0,0
2025-04-22,2025,4,808.0,23.0,12.0,4.0,0
2025-04-23,2025,4,1543.0,17.0,,,0
2025-04-24,2025,4,2946.0,11.0,6.0,6.0,0
2025-04-25,2025,4,781.0,7.0,,,0
2025-04-26,2025,4,542.0,4.0,9.0,,0
2025-04-27,2025,4,959.0,11.0,,,0
2025-04-28,2025,4,544.0,2.0,,,0
2025-04-29,2025,4,872.0,,17.0,6.0,0
2025-04-30,2025,4,1781.0,,,,0
2025-05-01,2025,5,482.0,,2.0,,0
2025-05-02,2025,5,249.0,,4.0,,0
2025-05-03,2025,5,974.0,6.0,6.0,11.0,0
2025-05-04,2025,5,533.0,4.0,2.0,,0
2025-05-05,2025,5,18.0,,2.0,2.0,0
2025-05-06,2025,5,81.0,,,,0
2025-05-07,2025,5,540.0,,6.0,11.0,0
2025-05-08,2025,5,721.0,6.0,,6.0,0
2025-05-09,2025,5,83.0,,,,0
2025-05-10,2025,5,504.0,,17.0,,0
2025-05-11,2025,5,356.0,,,22.0,0
2025-05-12,2025,5,334.0,7.0,,7.0,0
2025-05-13,2025,5,63.0,,4.0,7.0,0
2025-05-14,2025,5,23.0,2.0,,,0
2025-05-15,2025,5,16.0,,,,0
2025-05-16,2025,5,52.0,4.0,,,0
2025-05-17,2025,5,66.0,,,,0
2025-05-18,2025,5,87.0,2.0,,13.0,0
2025-05-19,2025,5,132.0,2.0,42.0,4.0,0
2025-05-20,2025,5,37.0,,,,0
2025-05-21,2025,5,60.0,,,2.0,0
2025-05-22,2025,5,4.0,,,,0
2025-05-23,2025,5,10.0,,,,0
2025-05-24,2025,5,40.0,4.0,2.0,2.0,0
2025-05-25,2025,5,6.0,,,,0
2025-05-26,2025,5,6.0,,,,0
2025-05-27,2025,5,6.0,,,,0
2025-05-28,2025,5,9.0,,,,0
2025-05-29,2025,5,,2.0,,,0
2025-05-30,2025,5,13.0,,4.0,4.0,0
2025-05-31,2025,5,82.0,2.0,,2.0,0
2025-06-01,2025,6,85.0,11.0,,7.0,0
2025-06-02,2025,6,50.0,,4.0,4.0,0
2025-06-03,2025,6,62.0,,2.0,7.0,0
2025-06-04,2025,6,12.0,,2.0,7.0,0
2025-06-05,2025,6,10.0,,4.0,4.0,0
2025-06-06,2025,6,36.0,2.0,2.0,9.0,0
2025-06-07,2025,6,17.0,2.0,4.0,,0
2025-06-08,2025,6,6.0,11.0,4.0,,0
2025-06-09,2025,6,10.0,2.0,,,0
2025-06-10,2025,6,6.0,,2.0,9.0,0
2025-06-11,2025,6,91.0,2.0,2.0,15.0,0
2025-06-12,2025,6,2.0,,6.0,2.0,0
2025-06-13,2025,6,,7.0,2.0,,0
2025-06-14,2025,6,,,,,0
2025-06-15,2025,6,2.0,,,,0
2025-06-16,2025,6,2.0,,,2.0,0
2025-06-17,2025,6,,,,,0
2025-06-18,2025,6,,,4.0,,0
2025-06-19,2025,6,6.0,,9.0,2.0,0
2025-06-20,2025,6,10.0,7.0,20.0,11.0,0
2025-06-21,2025,6,27.0,2.0,6.0,15.0,0
2025-06-22,2025,6,8.0,4.0,13.0,9.0,0
2025-06-23,2025,6,2.0,4.0,6.0,13.0,0
2025-06-24,2025,6,2.0,,10.0,9.0,0
2025-06-25,2025,6,10.0,,2.0,2.0,0
2025-06-26,2025,6,2.0,2.0,,2.0,0
2025-06-27,2025,6,,,2.0,2.0,0
2025-06-28,2025,6,6.0,,2.0,,0
2025-06-29,2025,6,,,2.0,2.0,0
2025-06-30,2025,6,2.0,,6.0,2.0,0
2025-07-01,2025,7,2.0,2.0,,,0
2025-07-02,2025,7,,,6.0,4.0,0
2025-07-03,2025,7,4.0,,8.0,11.0,0
2025-07-04,2025,7,,,6.0,2.0,0
2025-07-05,2025,7,,,,,0
2025-07-06,2025,7,2.0,,,,0
2025-07-07,2025,7,,,2.0,2.0,0
2025-07-08,2025,7,4.0,,,2.0,0
2025-07-09,2025,7,,,2.0,,0
2025-07-10,2025,7,,,,,0
2025-07-11,2025,7,,2.0,2.0,,0
2025-07-12,2025,7,,,2.0,,0
2025-07-13,2025,7,2.0,,,,0
2025-07-14,2025,7,,,2.0,,0
2025-07-16,2025,7,,7.0,3.0,,0
2025-07-17,2025,7,,2.0,4.0,,0
2025-07-18,2025,7,,,4.0,,0
2025-07-19,2025,7,2.0,2.0,7.0,,0
2025-07-20,2025,7,2.0,,13.0,,0
2025-07-21,2025,7,,7.0,44.0,2.0,0
2025-07-22,2025,7,4.0,4.0,7.0,,0
2025-07-23,2025,7,2.0,4.0,23.0,,0
2025-07-24,2025,7,4.0,,19.0,,0
2025-07-25,2025,7,2.0,2.0,74.0,,0
2025-07-26,2025,7,,,9.0,,0
2025-07-27,2025,7,,,21.0,,0
2025-07-28,2025,7,,2.0,82.0,,0
2025-07-29,2025,7,,,26.0,,0
2025-07-30,2025,7,2.0,4.0,37.0,,0
2025-07-31,2025,7,,,4.0,,0
2025-08-01,2025,8,,,4.0,2.0,0
2025-08-02,2025,8,2.0,2.0,22.0,,0
2025-08-03,2025,8,,,74.0,,0
2025-08-04,2025,8,,,75.0,,0
2025-08-05,2025,8,,2.0,36.0,2.0,0
2025-08-06,2025,8,9.0,2.0,2.0,,0
2025-08-07,2025,8,9.0,,,,0
2025-08-08,2025,8,2.0,,4.0,,0
2025-08-09,2025,8,75.0,2.0,2.0,,0
2025-08-10,2025,8,26.0,,2.0,,0
2025-08-11,2025,8,,,,,0
2025-08-12,2025,8,,,,,0
2025-08-13,2025,8,,,8.0,,0
2025-08-14,2025,8,2.0,2.0,4.0,2.0,0
2025-08-15,2025,8,2.0,2.0,6.0,,0
2025-08-16,2025,8,7.0,,10.0,,0
2025-08-17,2025,8,,2.0,6.0,,0
2025-08-18,2025,8,,,6.0,,0
2025-08-19,2025,8,2.0,,4.0,,0
2025-08-20,2025,8,,,2.0,,0
2025-08-21,2025,8,2.0,,2.0,,0
2025-08-22,2025,8,2.0,2.0,,2.0,0
2025-08-23,2025,8,,4.0,2.0,4.0,0
2025-08-24,2025,8,,,2.0,,0
2025-08-25,2025,8,18.0,2.0,33.0,11.0,0
2025-08-26,2025,8,2.0,,23.0,,0
2025-08-27,2025,8,4.0,,4.0,,0
2025-08-28,2025,8,7.0,2.0,24.0,,0
2025-08-29,2025,8,9.0,,11.0,,0
2025-08-30,2025,8,2.0,,22.0,,0
2025-08-31,2025,8,9.0,,10.0,11.0,0
2025-09-01,2025,9,2.0,,6.0,2.0,0
2025-09-02,2025,9,,,2.0,4.0,0
2025-09-03,2025,9,13.0,,4.0,,0
2025-09-04,2025,9,4.0,,2.0,7.0,0
2025-09-05,2025,9,26.0,,8.0,13.0,0
2025-09-06,2025,9,38.0,2.0,11.0,4.0,0
2025-09-07,2025,9,31.0,,2.0,,0
2025-09-08,2025,9,46.0,,6.0,2.0,0
2025-09-09,2025,9,22.0,,2.0,20.0,0
2025-09-10,2025,9,2.0,,,4.0,0
2025-09-11,2025,9,9.0,4.0,4.0,13.0,0
2025-09-12,2025,9,4.0,2.0,17.0,7.0,0
2025-09-13,2025,9,2.0,2.0,15.0,13.0,0
2025-09-14,2025,9,2.0,,13.0,4.0,0
2025-09-15,2025,9,4.0,,2.0,2.0,0
2025-09-16,2025,9,,,4.0,7.0,0
2025-09-17,2025,9,2.0,,2.0,,0
2025-09-18,2025,9,2.0,,6.0,,0
2025-09-19,2025,9,,,8.0,4.0,0
2025-09-20,2025,9,,,6.0,2.0,0
2025-09-21,2025,9,,,,,0
2025-09-22,2025,9,2.0,,6.0,2.0,0
2025-09-23,2025,9,,,13.0,,0
2025-09-24,2025,9,,,9.0,,0
2025-09-25,2025,9,,4.0,,,0
2025-09-26,2025,9,,,,,0
2025-09-27,2025,9,,,2.0,,0
2025-09-28,2025,9,2.0,2.0,,,0
2025-09-29,2025,9,,2.0,2.0,2.0,0
2025-09-30,2025,9,,,2.0,,0
2025-10-01,2025,10,,,2.0,,0
2025-10-02,2025,10,,,2.0,2.0,0
2025-10-03,2025,10,,,2.0,,0
2025-10-04,2025,10,,,2.0,,0
2025-10-05,2025,10,,,4.0,,0
2025-10-06,2025,10,,,6.0,2.0,0
2025-10-07,2025,10,2.0,,2.0,2.0,0
2025-10-08,2025,10,,,4.0,,0
2025-10-09,2025,10,,,,,0
2025-10-10,2025,10,,2.0,,,0
2025-10-11,2025,10,,,,,0
2025-10-12,2025,10,,,,,0
2025-10-13,2025,10,,,,,0
2025-10-14,2025,10,,,4.0,,0
2025-10-15,2025,10,2.0,2.0,4.0,,0
2025-10-16,2025,10,,4.0,2.0,,0
2025-10-17,2025,10,4.0,2.0,,2.0,0
2025-10-18,2025,10,,2.0,,,0
2025-10-19,2025,10,4.0,2.0,4.0,2.0,0
2025-10-20,2025,10,2.0,,7.0,2.0,0
2025-10-21,2025,10,2.0,,,,0
2025-10-22,2025,10,,2.0,2.0,,0
2025-10-23,2025,10,,2.0,,,0
2025-10-24,2025,10,,,2.0,,0
2025-10-25,2025,10,,,2.0,,0
2025-10-26,2025,10,,,2.0,2.0,0
2025-10-27,2025,10,,,,,0
2025-10-28,2025,10,,,,,0
2025-10-29,2025,10,,,,,0
2025-10-30,2025,10,,,,,0
2025-10-31,2025,10,,,2.0,11.0,0
