MeasureID,GeoID,GeoType,TimePeriodID,Value,CI,Note,DisplayValue,indicator_id,indicator_label,measure_label,year
1224,50101,NTA2020,298,98.4314,,,98.4,2388,asthma_ed_all_ages,rate_per_10k,2023
1224,50102,NTA2020,298,98.9454,,,98.9,2388,asthma_ed_all_ages,rate_per_10k,2023
1224,50201,NTA2020,298,99.035,,,99.0,2388,asthma_ed_all_ages,rate_per_10k,2023
1224,50202,NTA2020,298,99.9009,,,99.9,2388,asthma_ed_all_ages,rate_per_10k,2023
1224,50301,NTA2020,298,99.9691,,,100.0,2388,asthma_ed_all_ages,rate_per_10k,2023
1224,50302,NTA2020,298,100.0,,,100.0,2388,asthma_ed_all_ages,rate_per_10k,2023
1224,50303,NTA2020,298,100.0,,,100.0,2388,asthma_ed_all_ages,rate_per_10k,2023
1224,50401,NTA2020,298,99.8431,,,99.8,2388,asthma_ed_all_ages,rate_per_10k,2023
1224,50402,NTA2020,298,97.7703,,,97.8,2388,asthma_ed_all_ages,rate_per_10k,2023
1224,50403,NTA2020,298,100.0,,,100.0,2388,asthma_ed_all_ages,rate_per_10k,2023
1224,50501,NTA2020,298,100.0,,,100.0,2388,asthma_ed_all_ages,rate_per_10k,2023
1224,50502,NTA2020,298,99.5974,,,99.6,2388,asthma_ed_all_ages,rate_per_10k,2023
1224,50503,NTA2020,298,100.0,,,100.0,2388,asthma_ed_all_ages,rate_per_10k,2023
1224,50601,NTA2020,298,99.6457,,,99.6,2388,asthma_ed_all_ages,rate_per_10k,2023
1224,50602,NTA2020,298,100.0,,,100.0,2388,asthma_ed_all_ages,rate_per_10k,2023
1224,50603,NTA2020,298,96.5355,,,96.5,2388,asthma_ed_all_ages,rate_per_10k,2023
1224,50701,NTA2020,298,97.5173,,,97.5,2388,asthma_ed_all_ages,rate_per_10k,2023
1224,50702,NTA2020,298,98.1761,,,98.2,2388,asthma_ed_all_ages,rate_per_10k,2023
1224,50703,NTA2020,298,100.0,,,100.0,2388,asthma_ed_all_ages,rate_per_10k,2023
1224,50801,NTA2020,298,96.7376,,,96.7,2388,asthma_ed_all_ages,rate_per_10k,2023
1224,50802,NTA2020,298,91.9476,,,91.9,2388,asthma_ed_all_ages,rate_per_10k,2023
1224,50803,NTA2020,298,91.0249,,,91.0,2388,asthma_ed_all_ages,rate_per_10k,2023
1224,50901,NTA2020,298,97.3047,,,97.3,2388,asthma_ed_all_ages,rate_per_10k,2023
1224,50902,NTA2020,298,99.673,,,99.7,2388,asthma_ed_all_ages,rate_per_10k,2023
1224,50903,NTA2020,298,90.4538,,,90.5,2388,asthma_ed_all_ages,rate_per_10k,2023
1224,50904,NTA2020,298,68.2714,,,68.3,2388,asthma_ed_all_ages,rate_per_10k,2023
1224,51001,NTA2020,298,81.7624,,,81.8,2388,asthma_ed_all_ages,rate_per_10k,2023
1224,51002,NTA2020,298,68.1367,,,68.1,2388,asthma_ed_all_ages,rate_per_10k,2023
1224,51003,NTA2020,298,84.9249,,,84.9,2388,asthma_ed_all_ages,rate_per_10k,2023
1224,51004,NTA2020,298,58.262,,,58.3,2388,asthma_ed_all_ages,rate_per_10k,2023
1224,51101,NTA2020,298,96.7558,,,96.8,2388,asthma_ed_all_ages,rate_per_10k,2023
1224,51102,NTA2020,298,76.1871,,,76.2,2388,asthma_ed_all_ages,rate_per_10k,2023
1224,51103,NTA2020,298,89.2363,,,89.2,2388,asthma_ed_all_ages,rate_per_10k,2023
1224,51104,NTA2020,298,99.8449,,,99.8,2388,asthma_ed_all_ages,rate_per_10k,2023
1224,51201,NTA2020,298,74.6443,,,74.6,2388,asthma_ed_all_ages,rate_per_10k,2023
1224,51202,NTA2020,298,84.9001,,,84.9,2388,asthma_ed_all_ages,rate_per_10k,2023
1224,51203,NTA2020,298,61.5066,,,61.5,2388,asthma_ed_all_ages,rate_per_10k,2023
1224,470101,NTA2020,298,96.7242,,,96.7,2388,asthma_ed_all_ages,rate_per_10k,2023
1224,470102,NTA2020,298,99.9526,,,100.0,2388,asthma_ed_all_ages,rate_per_10k,2023
1224,470103,NTA2020,298,99.2117,,,99.2,2388,asthma_ed_all_ages,rate_per_10k,2023
1224,470104,NTA2020,298,99.0669,,,99.1,2388,asthma_ed_all_ages,rate_per_10k,2023
1224,470201,NTA2020,298,99.7013,,,99.7,2388,asthma_ed_all_ages,rate_per_10k,2023
1224,470202,NTA2020,298,99.0452,,,99.0,2388,asthma_ed_all_ages,rate_per_10k,2023
1224,470203,NTA2020,298,100.0,,,100.0,2388,asthma_ed_all_ages,rate_per_10k,2023
1224,470204,NTA2020,298,95.2755,,,95.3,2388,asthma_ed_all_ages,rate_per_10k,2023
1224,470301,NTA2020,298,94.5586,,,94.6,2388,asthma_ed_all_ages,rate_per_10k,2023
1224,470302,NTA2020,298,95.9706,,,96.0,2388,asthma_ed_all_ages,rate_per_10k,2023
1224,470401,NTA2020,298,85.967,,,86.0,2388,asthma_ed_all_ages,rate_per_10k,2023
1224,470402,NTA2020,298,90.8965,,,90.9,2388,asthma_ed_all_ages,rate_per_10k,2023
1224,470501,NTA2020,298,84.919,,,84.9,2388,asthma_ed_all_ages,rate_per_10k,2023
1224,470502,NTA2020,298,86.3138,,,86.3,2388,asthma_ed_all_ages,rate_per_10k,2023
1224,470503,NTA2020,298,98.5778,,,98.6,2388,asthma_ed_all_ages,rate_per_10k,2023
1224,470504,NTA2020,298,94.509,,,94.5,2388,asthma_ed_all_ages,rate_per_10k,2023
1224,470505,NTA2020,298,80.6699,,,80.7,2388,asthma_ed_all_ages,rate_per_10k,2023
1224,470601,NTA2020,298,97.4765,,,97.5,2388,asthma_ed_all_ages,rate_per_10k,2023
1224,470602,NTA2020,298,90.8341,,,90.8,2388,asthma_ed_all_ages,rate_per_10k,2023
1224,470701,NTA2020,298,99.5263,,,99.5,2388,asthma_ed_all_ages,rate_per_10k,2023
1224,470702,NTA2020,298,83.6946,,,83.7,2388,asthma_ed_all_ages,rate_per_10k,2023
1224,470703,NTA2020,298,88.0835,,,88.1,2388,asthma_ed_all_ages,rate_per_10k,2023
1224,470801,NTA2020,298,98.04,,,98.0,2388,asthma_ed_all_ages,rate_per_10k,2023
1224,470802,NTA2020,298,89.6753,,,89.7,2388,asthma_ed_all_ages,rate_per_10k,2023
1224,470901,NTA2020,298,96.8562,,,96.9,2388,asthma_ed_all_ages,rate_per_10k,2023
1224,470902,NTA2020,298,91.138,,,91.1,2388,asthma_ed_all_ages,rate_per_10k,2023
1224,471001,NTA2020,298,92.8026,,,92.8,2388,asthma_ed_all_ages,rate_per_10k,2023
1224,471002,NTA2020,298,89.221,,,89.2,2388,asthma_ed_all_ages,rate_per_10k,2023
1224,471101,NTA2020,298,56.935,,,56.9,2388,asthma_ed_all_ages,rate_per_10k,2023
1224,471102,NTA2020,298,98.8982,,,98.9,2388,asthma_ed_all_ages,rate_per_10k,2023
1224,471103,NTA2020,298,61.9371,,,61.9,2388,asthma_ed_all_ages,rate_per_10k,2023
1224,471201,NTA2020,298,87.19,,,87.2,2388,asthma_ed_all_ages,rate_per_10k,2023
1224,471202,NTA2020,298,55.8164,,,55.8,2388,asthma_ed_all_ages,rate_per_10k,2023
1224,471203,NTA2020,298,88.4794,,,88.5,2388,asthma_ed_all_ages,rate_per_10k,2023
1224,471204,NTA2020,298,95.3204,,,95.3,2388,asthma_ed_all_ages,rate_per_10k,2023
1224,471301,NTA2020,298,92.0042,,,92.0,2388,asthma_ed_all_ages,rate_per_10k,2023
1224,471302,NTA2020,298,92.9768,,,93.0,2388,asthma_ed_all_ages,rate_per_10k,2023
1224,471303,NTA2020,298,97.859,,,97.9,2388,asthma_ed_all_ages,rate_per_10k,2023
1224,471401,NTA2020,298,66.0524,,,66.1,2388,asthma_ed_all_ages,rate_per_10k,2023
1224,471402,NTA2020,298,78.4245,,,78.4,2388,asthma_ed_all_ages,rate_per_10k,2023
1224,471403,NTA2020,298,44.0357,,,44.0,2388,asthma_ed_all_ages,rate_per_10k,2023
1224,471501,NTA2020,298,80.2818,,,80.3,2388,asthma_ed_all_ages,rate_per_10k,2023
1224,471502,NTA2020,298,61.8536,,,61.9,2388,asthma_ed_all_ages,rate_per_10k,2023
1224,471503,NTA2020,298,86.0356,,,86.0,2388,asthma_ed_all_ages,rate_per_10k,2023
1224,471601,NTA2020,298,99.6778,,,99.7,2388,asthma_ed_all_ages,rate_per_10k,2023
1224,471602,NTA2020,298,99.6965,,,99.7,2388,asthma_ed_all_ages,rate_per_10k,2023
1224,471701,NTA2020,298,57.8646,,,57.9,2388,asthma_ed_all_ages,rate_per_10k,2023
1224,471702,NTA2020,298,63.19,,,63.2,2388,asthma_ed_all_ages,rate_per_10k,2023
1224,471703,NTA2020,298,47.9923,,,48.0,2388,asthma_ed_all_ages,rate_per_10k,2023
1224,471704,NTA2020,298,85.2996,,,85.3,2388,asthma_ed_all_ages,rate_per_10k,2023
1224,471801,NTA2020,298,68.9477,,,68.9,2388,asthma_ed_all_ages,rate_per_10k,2023
1224,471802,NTA2020,298,87.372,,,87.4,2388,asthma_ed_all_ages,rate_per_10k,2023
1224,471803,NTA2020,298,80.1485,,,80.1,2388,asthma_ed_all_ages,rate_per_10k,2023
1224,610101,NTA2020,298,100.0,,,100.0,2388,asthma_ed_all_ages,rate_per_10k,2023
1224,610102,NTA2020,298,100.0,,,100.0,2388,asthma_ed_all_ages,rate_per_10k,2023
1224,610201,NTA2020,298,100.0,,,100.0,2388,asthma_ed_all_ages,rate_per_10k,2023
1224,610202,NTA2020,298,100.0,,,100.0,2388,asthma_ed_all_ages,rate_per_10k,2023
1224,610203,NTA2020,298,100.0,,,100.0,2388,asthma_ed_all_ages,rate_per_10k,2023
1224,610301,NTA2020,298,100.0,,,100.0,2388,asthma_ed_all_ages,rate_per_10k,2023
1224,610302,NTA2020,298,100.0,,,100.0,2388,asthma_ed_all_ages,rate_per_10k,2023
1224,610303,NTA2020,298,99.9375,,,99.9,2388,asthma_ed_all_ages,rate_per_10k,2023
1224,610401,NTA2020,298,94.0042,,,94.0,2388,asthma_ed_all_ages,rate_per_10k,2023
1224,610402,NTA2020,298,99.0755,,,99.1,2388,asthma_ed_all_ages,rate_per_10k,2023
1224,610501,NTA2020,298,95.0476,,,95.0,2388,asthma_ed_all_ages,rate_per_10k,2023
1224,610502,NTA2020,298,98.7673,,,98.8,2388,asthma_ed_all_ages,rate_per_10k,2023
1224,610601,NTA2020,298,100.0,,,100.0,2388,asthma_ed_all_ages,rate_per_10k,2023
1224,610602,NTA2020,298,100.0,,,100.0,2388,asthma_ed_all_ages,rate_per_10k,2023
1224,610603,NTA2020,298,91.5614,,,91.6,2388,asthma_ed_all_ages,rate_per_10k,2023
1224,610604,NTA2020,298,84.2292,,,84.2,2388,asthma_ed_all_ages,rate_per_10k,2023
1224,610701,NTA2020,298,100.0,,,100.0,2388,asthma_ed_all_ages,rate_per_10k,2023
1224,610702,NTA2020,298,99.9513,,,100.0,2388,asthma_ed_all_ages,rate_per_10k,2023
1224,610703,NTA2020,298,100.0,,,100.0,2388,asthma_ed_all_ages,rate_per_10k,2023
1224,610801,NTA2020,298,98.2892,,,98.3,2388,asthma_ed_all_ages,rate_per_10k,2023
1224,610802,NTA2020,298,99.9144,,,99.9,2388,asthma_ed_all_ages,rate_per_10k,2023
1224,610803,NTA2020,298,95.5601,,,95.6,2388,asthma_ed_all_ages,rate_per_10k,2023
1224,610901,NTA2020,298,99.8539,,,99.9,2388,asthma_ed_all_ages,rate_per_10k,2023
1224,610902,NTA2020,298,100.0,,,100.0,2388,asthma_ed_all_ages,rate_per_10k,2023
1224,610903,NTA2020,298,100.0,,,100.0,2388,asthma_ed_all_ages,rate_per_10k,2023
1224,611001,NTA2020,298,100.0,,,100.0,2388,asthma_ed_all_ages,rate_per_10k,2023
1224,611002,NTA2020,298,99.422,,,99.4,2388,asthma_ed_all_ages,rate_per_10k,2023
1224,611101,NTA2020,298,100.0,,,100.0,2388,asthma_ed_all_ages,rate_per_10k,2023
1224,611102,NTA2020,298,100.0,,,100.0,2388,asthma_ed_all_ages,rate_per_10k,2023
1224,611201,NTA2020,298,100.0,,,100.0,2388,asthma_ed_all_ages,rate_per_10k,2023
1224,611202,NTA2020,298,100.0,,,100.0,2388,asthma_ed_all_ages,rate_per_10k,2023
1224,611203,NTA2020,298,98.4382,,,98.4,2388,asthma_ed_all_ages,rate_per_10k,2023
1224,810101,NTA2020,298,74.464,,,74.5,2388,asthma_ed_all_ages,rate_per_10k,2023
1224,810102,NTA2020,298,97.7021,,,97.7,2388,asthma_ed_all_ages,rate_per_10k,2023
1224,810103,NTA2020,298,62.8081,,,62.8,2388,asthma_ed_all_ages,rate_per_10k,2023
1224,810104,NTA2020,298,64.5836,,,64.6,2388,asthma_ed_all_ages,rate_per_10k,2023
1224,810105,NTA2020,298,96.5143,,,96.5,2388,asthma_ed_all_ages,rate_per_10k,2023
1224,810201,NTA2020,298,97.5515,,,97.6,2388,asthma_ed_all_ages,rate_per_10k,2023
1224,810202,NTA2020,298,79.5282,,,79.5,2388,asthma_ed_all_ages,rate_per_10k,2023
1224,810203,NTA2020,298,71.8457,,,71.8,2388,asthma_ed_all_ages,rate_per_10k,2023
1224,810301,NTA2020,298,64.5753,,,64.6,2388,asthma_ed_all_ages,rate_per_10k,2023
1224,810302,NTA2020,298,88.5797,,,88.6,2388,asthma_ed_all_ages,rate_per_10k,2023
1224,810303,NTA2020,298,76.358,,,76.4,2388,asthma_ed_all_ages,rate_per_10k,2023
1224,810401,NTA2020,298,80.2565,,,80.3,2388,asthma_ed_all_ages,rate_per_10k,2023
1224,810402,NTA2020,298,89.6004,,,89.6,2388,asthma_ed_all_ages,rate_per_10k,2023
1224,810501,NTA2020,298,77.6631,,,77.7,2388,asthma_ed_all_ages,rate_per_10k,2023
1224,810502,NTA2020,298,67.9627,,,68.0,2388,asthma_ed_all_ages,rate_per_10k,2023
1224,810503,NTA2020,298,66.241,,,66.2,2388,asthma_ed_all_ages,rate_per_10k,2023
1224,810504,NTA2020,298,89.1422,,,89.1,2388,asthma_ed_all_ages,rate_per_10k,2023
1224,810601,NTA2020,298,72.6795,,,72.7,2388,asthma_ed_all_ages,rate_per_10k,2023
1224,810602,NTA2020,298,80.9754,,,81.0,2388,asthma_ed_all_ages,rate_per_10k,2023
1224,810701,NTA2020,298,86.5952,,,86.6,2388,asthma_ed_all_ages,rate_per_10k,2023
1224,810702,NTA2020,298,71.0213,,,71.0,2388,asthma_ed_all_ages,rate_per_10k,2023
1224,810703,NTA2020,298,71.4761,,,71.5,2388,asthma_ed_all_ages,rate_per_10k,2023
1224,810704,NTA2020,298,80.2588,,,80.3,2388,asthma_ed_all_ages,rate_per_10k,2023
1224,810705,NTA2020,298,79.0366,,,79.0,2388,asthma_ed_all_ages,rate_per_10k,2023
1224,810706,NTA2020,298,89.7078,,,89.7,2388,asthma_ed_all_ages,rate_per_10k,2023
1224,810707,NTA2020,298,92.5724,,,92.6,2388,asthma_ed_all_ages,rate_per_10k,2023
1224,810801,NTA2020,298,65.7302,,,65.7,2388,asthma_ed_all_ages,rate_per_10k,2023
1224,810802,NTA2020,298,68.7195,,,68.7,2388,asthma_ed_all_ages,rate_per_10k,2023
1224,810803,NTA2020,298,69.9828,,,70.0,2388,asthma_ed_all_ages,rate_per_10k,2023
1224,810804,NTA2020,298,48.0904,,,48.1,2388,asthma_ed_all_ages,rate_per_10k,2023
1224,810805,NTA2020,298,78.749,,,78.7,2388,asthma_ed_all_ages,rate_per_10k,2023
1224,810901,NTA2020,298,80.7216,,,80.7,2388,asthma_ed_all_ages,rate_per_10k,2023
1224,810902,NTA2020,298,74.0081,,,74.0,2388,asthma_ed_all_ages,rate_per_10k,2023
1224,810903,NTA2020,298,60.1766,,,60.2,2388,asthma_ed_all_ages,rate_per_10k,2023
1224,810904,NTA2020,298,76.9905,,,77.0,2388,asthma_ed_all_ages,rate_per_10k,2023
1224,810905,NTA2020,298,78.1512,,,78.2,2388,asthma_ed_all_ages,rate_per_10k,2023
1224,811001,NTA2020,298,46.4093,,,46.4,2388,asthma_ed_all_ages,rate_per_10k,2023
1224,811002,NTA2020,298,77.07,,,77.1,2388,asthma_ed_all_ages,rate_per_10k,2023
1224,811003,NTA2020,298,79.0619,,,79.1,2388,asthma_ed_all_ages,rate_per_10k,2023
1224,811101,NTA2020,298,63.5421,,,63.5,2388,asthma_ed_all_ages,rate_per_10k,2023
1224,811102,NTA2020,298,70.4923,,,70.5,2388,asthma_ed_all_ages,rate_per_10k,2023
1224,811103,NTA2020,298,79.8395,,,79.8,2388,asthma_ed_all_ages,rate_per_10k,2023
1224,811104,NTA2020,298,95.0567,,,95.1,2388,asthma_ed_all_ages,rate_per_10k,2023
1224,811201,NTA2020,298,94.5545,,,94.6,2388,asthma_ed_all_ages,rate_per_10k,2023
1224,811202,NTA2020,298,84.6913,,,84.7,2388,asthma_ed_all_ages,rate_per_10k,2023
1224,811203,NTA2020,298,94.307,,,94.3,2388,asthma_ed_all_ages,rate_per_10k,2023
1224,811204,NTA2020,298,64.4635,,,64.5,2388,asthma_ed_all_ages,rate_per_10k,2023
1224,811205,NTA2020,298,56.1822,,,56.2,2388,asthma_ed_all_ages,rate_per_10k,2023
1224,811206,NTA2020,298,47.5138,,,47.5,2388,asthma_ed_all_ages,rate_per_10k,2023
1224,811301,NTA2020,298,34.6561,,,34.7,2388,asthma_ed_all_ages,rate_per_10k,2023
1224,811302,NTA2020,298,47.0679,,,47.1,2388,asthma_ed_all_ages,rate_per_10k,2023
1224,811303,NTA2020,298,30.6593,,,30.7,2388,asthma_ed_all_ages,rate_per_10k,2023
1224,811304,NTA2020,298,46.7549,,,46.8,2388,asthma_ed_all_ages,rate_per_10k,2023
1224,811305,NTA2020,298,24.6455,,,24.6,2388,asthma_ed_all_ages,rate_per_10k,2023
1224,811306,NTA2020,298,92.8797,,,92.9,2388,asthma_ed_all_ages,rate_per_10k,2023
1224,811307,NTA2020,298,57.5582,,,57.6,2388,asthma_ed_all_ages,rate_per_10k,2023
1224,811401,NTA2020,298,75.7115,,,75.7,2388,asthma_ed_all_ages,rate_per_10k,2023
1224,811402,NTA2020,298,94.5135,,,94.5,2388,asthma_ed_all_ages,rate_per_10k,2023
1224,811403,NTA2020,298,99.1134,,,99.1,2388,asthma_ed_all_ages,rate_per_10k,2023
1224,850101,NTA2020,298,93.7275,,,93.7,2388,asthma_ed_all_ages,rate_per_10k,2023
1224,850102,NTA2020,298,59.7737,,,59.8,2388,asthma_ed_all_ages,rate_per_10k,2023
1224,850103,NTA2020,298,73.5597,,,73.6,2388,asthma_ed_all_ages,rate_per_10k,2023
1224,850104,NTA2020,298,81.3081,,,81.3,2388,asthma_ed_all_ages,rate_per_10k,2023
1224,850105,NTA2020,298,57.0896,,,57.1,2388,asthma_ed_all_ages,rate_per_10k,2023
1224,850106,NTA2020,298,77.5798,,,77.6,2388,asthma_ed_all_ages,rate_per_10k,2023
1224,850107,NTA2020,298,49.1068,,,49.1,2388,asthma_ed_all_ages,rate_per_10k,2023
1224,850201,NTA2020,298,65.7783,,,65.8,2388,asthma_ed_all_ages,rate_per_10k,2023
1224,850202,NTA2020,298,76.1633,,,76.2,2388,asthma_ed_all_ages,rate_per_10k,2023
1224,850203,NTA2020,298,65.3349,,,65.3,2388,asthma_ed_all_ages,rate_per_10k,2023
1224,850204,NTA2020,298,85.8038,,,85.8,2388,asthma_ed_all_ages,rate_per_10k,2023
1224,850301,NTA2020,298,84.2497,,,84.2,2388,asthma_ed_all_ages,rate_per_10k,2023
1224,850302,NTA2020,298,68.4697,,,68.5,2388,asthma_ed_all_ages,rate_per_10k,2023
1224,850303,NTA2020,298,57.8515,,,57.9,2388,asthma_ed_all_ages,rate_per_10k,2023
1224,850304,NTA2020,298,76.9289,,,76.9,2388,asthma_ed_all_ages,rate_per_10k,2023
1224,850305,NTA2020,298,75.5659,,,75.6,2388,asthma_ed_all_ages,rate_per_10k,2023
